<?xml version="1.0" encoding="UTF-8"?>
<project-private xmlns="http://www.netbeans.org/ns/project-private/1">
    <editor-bookmarks xmlns="http://www.netbeans.org/ns/editor-bookmarks/2" lastBookmarkId="0"/>
    <open-files xmlns="http://www.netbeans.org/ns/projectui-open-files/2">
        <group>
            <file>file:/C:/Users/Katie-BAMF/Documents/NetBeansProjects/inventoryfx/src/inventoryfx/Inventoryfx.java</file>
            <file>file:/C:/Users/Katie-BAMF/Documents/NetBeansProjects/inventoryfx/src/inventoryfx/FXMain.java</file>
            <file>file:/C:/Users/Katie-BAMF/Documents/NetBeansProjects/inventoryfx/src/inventoryfx/ModifyPartFXMLController.java</file>
            <file>file:/C:/Users/Katie-BAMF/Documents/NetBeansProjects/inventoryfx/src/inventoryfx/ModifyProductFXMLController.java</file>
            <file>file:/C:/Users/Katie-BAMF/Documents/NetBeansProjects/inventoryfx/src/inventoryfx/FXMLController.java</file>
            <file>file:/C:/Users/Katie-BAMF/Documents/NetBeansProjects/inventoryfx/src/inventoryfx/AddProductFXMLController.java</file>
            <file>file:/C:/Users/Katie-BAMF/Documents/NetBeansProjects/inventoryfx/src/inventoryfx/AddPartFXMLController.java</file>
            <file>file:/C:/Users/Katie-BAMF/Documents/NetBeansProjects/inventoryfx/src/inventoryfx/InHouse.java</file>
            <file>file:/C:/Users/Katie-BAMF/Documents/NetBeansProjects/inventoryfx/src/inventoryfx/Part.java</file>
            <file>file:/C:/Users/Katie-BAMF/Documents/NetBeansProjects/inventoryfx/src/inventoryfx/ModifyPartFXML.fxml</file>
        </group>
    </open-files>
</project-private>
